Subpool Number,Forward Barcode,Reverse Barcode,Esp3I_hU6,tevopreQ1_Esp3I,Forward PCR Template,Reverse PCR Template,Forward PCR Primer ID,Forward PCR Primer Sequence,Reverse PCR Primer ID,Reverse PCR Primer Sequence,Forward PCR Primer NEB Tm,Reverse PCR Primer NEB Tm,PCR Primers NEB Ta,Forward PCR Primer IDT Tm,Reverse PCR Primer IDT Tm,Forward PCR Primer IDT Th,Reverse PCR Primer IDT Th
1,CCCAATCTAC,AGCAGTGAGT,CGTCTCACACC,CGCGGGAGACG,CCCAATCTACCGTCTCACACC,ACTCACTGCTCGTCTCCCGCG,MUZ247.1,CCCAATCTACCGTCTCACAC,MUZ247.2,ACTCACTGCTCGTCTCCC,65,67,66,61.6,62.7,14.1,1.1
2,TTACTGACCC,GATTTGCGAC,CGTCTCACACC,CGCGGGAGACG,TTACTGACCCCGTCTCACACC,GTCGCAAATCCGTCTCCCGCG,MUZ247.3,TTACTGACCCCGTCTCACA,MUZ247.4,GTCGCAAATCCGTCTCCC,65,66,66,62.2,62.3,35.5,28.1
3,CGTCCAGTAA,GTTAGAGGTG,CGTCTCACACC,CGCGGGAGACG,CGTCCAGTAACGTCTCACACC,CACCTCTAACCGTCTCCCGCG,MUZ247.5,CGTCCAGTAACGTCTCACA,MUZ247.6,CACCTCTAACCGTCTCCC,64,64,65,61,60.4,37.5,-38.2
4,GCATGTACGA,AGATGCTGAG,CGTCTCACACC,CGCGGGAGACG,GCATGTACGACGTCTCACACC,CTCAGCATCTCGTCTCCCGCG,MUZ247.7,GCATGTACGACGTCTCACA,MUZ247.8,CTCAGCATCTCGTCTCCC,65,65,66,61.6,60.8,22.7,-0.8
5,TAGCAGCAGT,CGCTTATACC,CGTCTCACACC,CGCGGGAGACG,TAGCAGCAGTCGTCTCACACC,GGTATAAGCGCGTCTCCCGCG,MUZ247.9,TAGCAGCAGTCGTCTCAC,MUZ247.10,GGTATAAGCGCGTCTCCC,64,65,65,60.8,61.5,14.7,1.9
6,TCGGTAAGAG,CTGATCTTGG,CGTCTCACACC,CGCGGGAGACG,TCGGTAAGAGCGTCTCACACC,CCAAGATCAGCGTCTCCCGCG,MUZ247.11,TCGGTAAGAGCGTCTCAC,MUZ247.12,CCAAGATCAGCGTCTCCC,64,65,65,60.4,61.5,37.9,21.9
7,GCAGCCTTTT,AGTGTTCCTG,CGTCTCACACC,CGCGGGAGACG,GCAGCCTTTTCGTCTCACACC,CAGGAACACTCGTCTCCCGCG,MUZ247.13,GCAGCCTTTTCGTCTCAC,MUZ247.14,CAGGAACACTCGTCTCCC,64,65,65,60.6,61,-14.3,30.9
8,GGGTAGATTG,AAGTCCGATC,CGTCTCACACC,CGCGGGAGACG,GGGTAGATTGCGTCTCACACC,GATCGGACTTCGTCTCCCGCG,MUZ247.15,GGGTAGATTGCGTCTCACA,MUZ247.16,GATCGGACTTCGTCTCCC,64,65,65,61.2,60.8,37.3,40.7
9,TTCTGCCTCT,AAAGGACTGC,CGTCTCACACC,CGCGGGAGACG,TTCTGCCTCTCGTCTCACACC,GCAGTCCTTTCGTCTCCCGCG,MUZ247.17,TTCTGCCTCTCGTCTCAC,MUZ247.18,GCAGTCCTTTCGTCTCCC,64,66,65,60.5,61.6,-9,-10.4
10,CATGACTCCA,TGTAACAGGC,CGTCTCACACC,CGCGGGAGACG,CATGACTCCACGTCTCACACC,GCCTGTTACACGTCTCCCGCG,MUZ247.19,CATGACTCCACGTCTCACA,MUZ247.20,GCCTGTTACACGTCTCCC,64,66,65,61.1,61.6,44.1,1.9
11,CACCCTAGTT,GTGGGTTAAC,CGTCTCACACC,CGCGGGAGACG,CACCCTAGTTCGTCTCACACC,GTTAACCCACCGTCTCCCGCG,MUZ247.21,CACCCTAGTTCGTCTCACAC,MUZ247.22,GTTAACCCACCGTCTCCC,65,65,66,61.5,61.4,25.6,-4.7
12,ACACAAGACG,CTAGAGGGAT,CGTCTCACACC,CGCGGGAGACG,ACACAAGACGCGTCTCACACC,ATCCCTCTAGCGTCTCCCGCG,MUZ247.23,ACACAAGACGCGTCTCAC,MUZ247.24,ATCCCTCTAGCGTCTCCC,65,66,66,61.8,61.8,38.9,-6